Transaction_ID,Date,Type,Description,Amount,Balance
TXN100001,2026-06-13,CREDIT,Salary Credit,37103.37,137103.37
TXN100002,2026-03-04,CREDIT,ATM Withdrawal,36849.91,173953.28
TXN100003,2026-06-23,CREDIT,Interest Credit,21153.9,195107.18
TXN100004,2026-01-08,CREDIT,POS Purchase,11709.78,206816.96
TXN100005,2026-06-04,CREDIT,Online Shopping,10022.0,216838.96
TXN100006,2026-06-16,DEBIT,POS Purchase,-22515.53,194323.43
TXN100007,2026-03-13,CREDIT,ATM Withdrawal,34937.16,229260.59
TXN100008,2026-03-29,DEBIT,ATM Withdrawal,-10844.16,218416.43
TXN100009,2026-03-28,CREDIT,UPI Payment,19058.37,237474.8
TXN100010,2026-04-02,DEBIT,Interest Credit,-13299.59,224175.21
TXN100011,2026-01-12,DEBIT,Online Shopping,-6328.83,217846.38
TXN100012,2026-04-07,CREDIT,Online Shopping,14729.6,232575.98
TXN100013,2026-06-10,DEBIT,Interest Credit,-9695.2,222880.78
TXN100014,2026-01-18,CREDIT,POS Purchase,38676.11,261556.89
TXN100015,2026-01-21,CREDIT,UPI Payment,19068.3,280625.19
TXN100016,2026-04-27,DEBIT,ATM Withdrawal,-18572.03,262053.16
TXN100017,2026-02-23,DEBIT,UPI Payment,-30495.64,231557.52
TXN100018,2026-02-13,CREDIT,ATM Withdrawal,23166.78,254724.3
TXN100019,2026-03-11,CREDIT,IMPS Transfer,42158.31,296882.61
TXN100020,2026-01-15,CREDIT,Salary Credit,40271.79,337154.4
TXN100021,2026-04-13,DEBIT,UPI Payment,-10628.04,326526.36
TXN100022,2026-05-26,DEBIT,POS Purchase,-32806.39,293719.97
TXN100023,2026-04-12,DEBIT,ATM Withdrawal,-13317.52,280402.45
TXN100024,2026-03-05,DEBIT,Interest Credit,-21478.85,258923.6
TXN100025,2026-05-30,DEBIT,IMPS Transfer,-11044.11,247879.49
TXN100026,2026-02-05,DEBIT,UPI Payment,-37813.53,210065.96
TXN100027,2026-01-29,CREDIT,ATM Withdrawal,39624.76,249690.72
TXN100028,2026-04-19,CREDIT,Cash Deposit,19142.8,268833.52
TXN100029,2026-04-30,DEBIT,Online Shopping,-43052.91,225780.61
TXN100030,2026-01-03,CREDIT,Online Shopping,37568.8,263349.41
TXN100031,2026-06-14,DEBIT,UPI Payment,-14745.66,248603.75
TXN100032,2026-02-10,DEBIT,Salary Credit,-47695.41,200908.34
TXN100033,2026-03-09,CREDIT,Online Shopping,45640.13,246548.47
TXN100034,2026-06-10,DEBIT,Online Shopping,-30487.61,216060.86
TXN100035,2026-02-09,DEBIT,ATM Withdrawal,-27015.01,189045.85
TXN100036,2026-05-16,CREDIT,Interest Credit,16275.39,205321.24
TXN100037,2026-01-05,CREDIT,IMPS Transfer,43948.22,249269.46
TXN100038,2026-03-20,CREDIT,Salary Credit,12119.49,261388.95
TXN100039,2026-05-26,CREDIT,UPI Payment,36622.19,298011.14
TXN100040,2026-01-18,CREDIT,ATM Withdrawal,33021.57,331032.71
TXN100041,2026-05-21,CREDIT,NEFT Transfer,26430.92,357463.63
TXN100042,2026-06-05,DEBIT,POS Purchase,-46452.78,311010.85
TXN100043,2026-06-26,CREDIT,NEFT Transfer,20009.72,331020.57
TXN100044,2026-06-21,DEBIT,Utility Bill,-44990.74,286029.83
TXN100045,2026-04-26,CREDIT,POS Purchase,11312.4,297342.23
TXN100046,2026-03-28,CREDIT,Interest Credit,27740.68,325082.91
TXN100047,2026-05-31,CREDIT,Salary Credit,3642.55,328725.46
TXN100048,2026-06-11,CREDIT,POS Purchase,3463.28,332188.74
TXN100049,2026-01-09,DEBIT,UPI Payment,-25756.39,306432.35
TXN100050,2026-03-13,DEBIT,POS Purchase,-27007.77,279424.58
TXN100051,2026-05-27,DEBIT,POS Purchase,-39252.51,240172.07
TXN100052,2026-04-15,CREDIT,UPI Payment,4936.85,245108.92
TXN100053,2026-04-21,DEBIT,Cash Deposit,-20614.0,224494.92
TXN100054,2026-01-14,CREDIT,Salary Credit,20190.8,244685.72
TXN100055,2026-03-28,CREDIT,POS Purchase,9660.34,254346.06
TXN100056,2026-05-18,DEBIT,ATM Withdrawal,-21151.89,233194.17
TXN100057,2026-03-13,DEBIT,POS Purchase,-43736.85,189457.32
TXN100058,2026-01-20,DEBIT,Online Shopping,-4985.65,184471.67
TXN100059,2026-06-16,CREDIT,UPI Payment,46325.71,230797.38
TXN100060,2026-03-02,CREDIT,Cash Deposit,24333.49,255130.87
TXN100061,2026-02-24,DEBIT,Salary Credit,-8315.39,246815.48
TXN100062,2026-01-01,DEBIT,NEFT Transfer,-46333.25,200482.23
TXN100063,2026-04-27,DEBIT,Cash Deposit,-34859.92,165622.31
TXN100064,2026-05-23,DEBIT,ATM Withdrawal,-9575.9,156046.41
TXN100065,2026-02-25,CREDIT,Interest Credit,36813.29,192859.7
TXN100066,2026-01-16,DEBIT,Salary Credit,-2602.1,190257.6
TXN100067,2026-05-03,CREDIT,Salary Credit,48042.87,238300.47
TXN100068,2026-01-21,CREDIT,UPI Payment,29792.25,268092.72
TXN100069,2026-06-22,CREDIT,Cash Deposit,6082.34,274175.06
TXN100070,2026-05-26,CREDIT,Interest Credit,29766.51,303941.57
TXN100071,2026-06-08,CREDIT,Cash Deposit,32902.92,336844.49
TXN100072,2026-05-25,DEBIT,NEFT Transfer,-10292.53,326551.96
TXN100073,2026-03-22,CREDIT,NEFT Transfer,19849.71,346401.67
TXN100074,2026-06-21,DEBIT,Utility Bill,-15877.24,330524.43
TXN100075,2026-01-19,CREDIT,Utility Bill,31095.85,361620.28
TXN100076,2026-05-25,CREDIT,UPI Payment,26927.96,388548.24
TXN100077,2026-05-10,DEBIT,ATM Withdrawal,-46669.64,341878.6
TXN100078,2026-01-18,CREDIT,IMPS Transfer,14320.87,356199.47
TXN100079,2026-04-23,DEBIT,Interest Credit,-49194.28,307005.19
TXN100080,2026-06-17,CREDIT,Online Shopping,15039.0,322044.19
TXN100081,2026-06-19,CREDIT,ATM Withdrawal,13296.85,335341.04
TXN100082,2026-01-28,CREDIT,NEFT Transfer,14159.64,349500.68
TXN100083,2026-02-23,DEBIT,POS Purchase,-34406.11,315094.57
TXN100084,2026-03-09,DEBIT,NEFT Transfer,-45276.29,269818.28
TXN100085,2026-01-14,CREDIT,Cash Deposit,41484.47,311302.75
TXN100086,2026-01-12,CREDIT,IMPS Transfer,38578.85,349881.6
TXN100087,2026-06-13,DEBIT,ATM Withdrawal,-37087.42,312794.18
TXN100088,2026-05-22,DEBIT,Online Shopping,-582.52,312211.66
TXN100089,2026-01-20,CREDIT,Online Shopping,1897.8,314109.46
TXN100090,2026-04-05,CREDIT,Cash Deposit,6459.53,320568.99
TXN100091,2026-03-20,DEBIT,Salary Credit,-44956.34,275612.65
TXN100092,2026-02-23,CREDIT,UPI Payment,17748.56,293361.21
TXN100093,2026-05-24,DEBIT,Interest Credit,-37498.93,255862.28
TXN100094,2026-03-02,CREDIT,ATM Withdrawal,44082.67,299944.95
TXN100095,2026-01-07,CREDIT,IMPS Transfer,39141.09,339086.04
TXN100096,2026-04-16,CREDIT,NEFT Transfer,8043.97,347130.01
TXN100097,2026-06-29,CREDIT,Cash Deposit,43621.12,390751.13
TXN100098,2026-05-01,CREDIT,POS Purchase,40847.67,431598.8
TXN100099,2026-04-28,DEBIT,NEFT Transfer,-41044.77,390554.03
TXN100100,2026-02-28,CREDIT,Salary Credit,33035.66,423589.69
TXN100101,2026-04-13,DEBIT,NEFT Transfer,-43231.21,380358.48
TXN100102,2026-03-13,DEBIT,Online Shopping,-20043.95,360314.53
TXN100103,2026-05-18,DEBIT,Salary Credit,-5855.55,354458.98
TXN100104,2026-03-08,CREDIT,Interest Credit,48130.46,402589.44
TXN100105,2026-03-09,CREDIT,UPI Payment,29868.91,432458.35
TXN100106,2026-03-30,DEBIT,Cash Deposit,-30349.82,402108.53
TXN100107,2026-05-11,CREDIT,Cash Deposit,44985.29,447093.82
TXN100108,2026-02-18,DEBIT,Salary Credit,-35468.39,411625.43
TXN100109,2026-01-01,CREDIT,IMPS Transfer,21621.74,433247.17
TXN100110,2026-06-20,DEBIT,Interest Credit,-15764.39,417482.78
TXN100111,2026-02-01,DEBIT,Online Shopping,-15533.3,401949.48
TXN100112,2026-04-15,DEBIT,Cash Deposit,-34890.7,367058.78
TXN100113,2026-05-22,CREDIT,POS Purchase,21080.27,388139.05
TXN100114,2026-04-08,CREDIT,Interest Credit,28498.35,416637.4
TXN100115,2026-04-14,CREDIT,NEFT Transfer,14416.99,431054.39
TXN100116,2026-04-21,DEBIT,Utility Bill,-22145.12,408909.27
TXN100117,2026-06-22,CREDIT,Online Shopping,23711.99,432621.26
TXN100118,2026-02-13,CREDIT,NEFT Transfer,25821.06,458442.32
TXN100119,2026-06-12,DEBIT,UPI Payment,-40939.33,417502.99
TXN100120,2026-03-02,DEBIT,POS Purchase,-40347.49,377155.5
TXN100121,2026-02-07,CREDIT,Salary Credit,12317.64,389473.14
TXN100122,2026-05-02,CREDIT,Utility Bill,20780.61,410253.75
TXN100123,2026-06-11,CREDIT,Cash Deposit,24769.42,435023.17
TXN100124,2026-03-04,CREDIT,Salary Credit,44643.73,479666.9
TXN100125,2026-01-28,DEBIT,POS Purchase,-8876.75,470790.15
TXN100126,2026-06-28,DEBIT,Salary Credit,-27914.55,442875.6
TXN100127,2026-02-01,DEBIT,ATM Withdrawal,-40090.69,402784.91
TXN100128,2026-06-20,DEBIT,Utility Bill,-30671.35,372113.56
TXN100129,2026-05-10,DEBIT,Online Shopping,-22351.09,349762.47
TXN100130,2026-02-10,DEBIT,Utility Bill,-13033.66,336728.81
TXN100131,2026-03-05,DEBIT,Online Shopping,-24281.39,312447.42
TXN100132,2026-03-03,DEBIT,Utility Bill,-3966.42,308481.0
TXN100133,2026-03-15,CREDIT,NEFT Transfer,16858.79,325339.79
TXN100134,2026-05-19,CREDIT,ATM Withdrawal,7626.45,332966.24
TXN100135,2026-04-09,CREDIT,POS Purchase,3305.02,336271.26
TXN100136,2026-04-15,DEBIT,Online Shopping,-23349.62,312921.64
TXN100137,2026-01-16,CREDIT,Cash Deposit,19534.89,332456.53
TXN100138,2026-05-30,CREDIT,Interest Credit,19081.01,351537.54
TXN100139,2026-01-02,DEBIT,NEFT Transfer,-37698.41,313839.13
TXN100140,2026-04-18,CREDIT,Utility Bill,11049.14,324888.27
TXN100141,2026-04-22,DEBIT,Salary Credit,-19503.97,305384.3
TXN100142,2026-06-21,DEBIT,ATM Withdrawal,-42041.23,263343.07
TXN100143,2026-02-02,CREDIT,Cash Deposit,29635.45,292978.52
TXN100144,2026-06-19,CREDIT,UPI Payment,32173.21,325151.73
TXN100145,2026-02-04,DEBIT,ATM Withdrawal,-2609.2,322542.53
TXN100146,2026-04-08,DEBIT,POS Purchase,-22789.5,299753.03
TXN100147,2026-03-28,DEBIT,NEFT Transfer,-37625.29,262127.74
TXN100148,2026-04-18,DEBIT,UPI Payment,-23568.31,238559.43
TXN100149,2026-05-19,CREDIT,IMPS Transfer,11288.69,249848.12
TXN100150,2026-01-18,CREDIT,Salary Credit,47485.63,297333.75
TXN100151,2026-02-21,CREDIT,Interest Credit,7703.88,305037.63
TXN100152,2026-02-02,DEBIT,UPI Payment,-28242.08,276795.55
TXN100153,2026-02-25,DEBIT,NEFT Transfer,-38368.22,238427.33
TXN100154,2026-02-12,CREDIT,ATM Withdrawal,48239.57,286666.9
TXN100155,2026-01-28,CREDIT,NEFT Transfer,28832.26,315499.16
TXN100156,2026-04-07,DEBIT,POS Purchase,-3892.22,311606.94
TXN100157,2026-06-26,CREDIT,UPI Payment,34889.93,346496.87
TXN100158,2026-03-19,CREDIT,Interest Credit,39153.5,385650.37
TXN100159,2026-03-30,DEBIT,IMPS Transfer,-3540.94,382109.43
TXN100160,2026-06-15,DEBIT,Salary Credit,-42493.82,339615.61
TXN100161,2026-05-06,CREDIT,Cash Deposit,48043.3,387658.91
TXN100162,2026-06-12,DEBIT,ATM Withdrawal,-21830.81,365828.1
TXN100163,2026-05-14,DEBIT,Interest Credit,-40429.14,325398.96
TXN100164,2026-05-18,DEBIT,Utility Bill,-21835.17,303563.79
TXN100165,2026-06-01,DEBIT,IMPS Transfer,-42600.49,260963.3
TXN100166,2026-01-23,DEBIT,Utility Bill,-12268.79,248694.51
TXN100167,2026-04-29,DEBIT,IMPS Transfer,-1532.13,247162.38
TXN100168,2026-03-25,CREDIT,Utility Bill,10684.78,257847.16
TXN100169,2026-03-08,DEBIT,NEFT Transfer,-44027.97,213819.19
TXN100170,2026-06-29,DEBIT,Online Shopping,-606.54,213212.65
TXN100171,2026-02-18,CREDIT,POS Purchase,36031.73,249244.38
TXN100172,2026-05-06,CREDIT,Utility Bill,32330.55,281574.93
TXN100173,2026-05-06,DEBIT,Salary Credit,-4743.36,276831.57
TXN100174,2026-02-26,DEBIT,POS Purchase,-15379.68,261451.89
TXN100175,2026-05-29,DEBIT,Utility Bill,-27718.3,233733.59
TXN100176,2026-03-30,DEBIT,Online Shopping,-16606.49,217127.1
TXN100177,2026-06-29,DEBIT,NEFT Transfer,-15400.49,201726.61
TXN100178,2026-03-01,CREDIT,POS Purchase,15845.84,217572.45
TXN100179,2026-05-18,CREDIT,POS Purchase,10897.59,228470.04
TXN100180,2026-05-04,DEBIT,Interest Credit,-48832.69,179637.35
TXN100181,2026-05-15,DEBIT,UPI Payment,-41648.16,137989.19
TXN100182,2026-03-17,CREDIT,IMPS Transfer,9054.13,147043.32
TXN100183,2026-01-04,CREDIT,NEFT Transfer,2371.23,149414.55
TXN100184,2026-01-14,DEBIT,ATM Withdrawal,-31929.7,117484.85
TXN100185,2026-05-06,CREDIT,Salary Credit,28745.8,146230.65
TXN100186,2026-05-01,DEBIT,Utility Bill,-17101.23,129129.42
TXN100187,2026-01-14,DEBIT,Utility Bill,-5792.95,123336.47
TXN100188,2026-01-17,DEBIT,Utility Bill,-3796.7,119539.77
TXN100189,2026-06-11,CREDIT,ATM Withdrawal,7544.96,127084.73
TXN100190,2026-05-25,DEBIT,UPI Payment,-49696.51,77388.22
TXN100191,2026-01-31,DEBIT,Interest Credit,-29846.73,47541.49
TXN100192,2026-06-08,CREDIT,Online Shopping,19080.86,66622.35
TXN100193,2026-04-24,DEBIT,Interest Credit,-49502.56,17119.79
TXN100194,2026-03-20,CREDIT,Interest Credit,48009.43,65129.22
TXN100195,2026-01-26,CREDIT,POS Purchase,13305.84,78435.06
TXN100196,2026-01-21,CREDIT,POS Purchase,8773.3,87208.36
TXN100197,2026-01-20,CREDIT,Salary Credit,20485.03,107693.39
TXN100198,2026-06-26,DEBIT,NEFT Transfer,-1728.73,105964.66
TXN100199,2026-03-15,DEBIT,Utility Bill,-3651.87,102312.79
TXN100200,2026-03-01,DEBIT,Interest Credit,-33093.03,69219.76
TXN100201,2026-02-20,DEBIT,UPI Payment,-27273.66,41946.1
TXN100202,2026-06-15,CREDIT,NEFT Transfer,41348.89,83294.99
TXN100203,2026-01-19,CREDIT,ATM Withdrawal,39652.17,122947.16
TXN100204,2026-06-02,DEBIT,Utility Bill,-6305.25,116641.91
TXN100205,2026-06-26,DEBIT,Cash Deposit,-47139.54,69502.37
TXN100206,2026-05-09,DEBIT,Utility Bill,-4114.05,65388.32
TXN100207,2026-01-11,DEBIT,IMPS Transfer,-30225.31,35163.01
TXN100208,2026-01-07,CREDIT,POS Purchase,48099.36,83262.37
TXN100209,2026-05-28,CREDIT,NEFT Transfer,28854.72,112117.09
TXN100210,2026-02-14,DEBIT,Online Shopping,-32610.32,79506.77
TXN100211,2026-03-13,CREDIT,Interest Credit,21850.66,101357.43
TXN100212,2026-05-06,CREDIT,Utility Bill,17463.26,118820.69
TXN100213,2026-03-27,DEBIT,UPI Payment,-42900.88,75919.81
TXN100214,2026-03-26,DEBIT,Utility Bill,-14482.07,61437.74
TXN100215,2026-04-13,CREDIT,Utility Bill,4494.18,65931.92
TXN100216,2026-03-06,DEBIT,UPI Payment,-48512.22,17419.7
TXN100217,2026-04-14,CREDIT,Online Shopping,23152.62,40572.32
TXN100218,2026-01-14,CREDIT,Online Shopping,18152.79,58725.11
TXN100219,2026-05-08,DEBIT,Salary Credit,-10257.56,48467.55
TXN100220,2026-05-21,CREDIT,NEFT Transfer,21961.99,70429.54
TXN100221,2026-06-28,DEBIT,UPI Payment,-1540.59,68888.95
TXN100222,2026-06-11,CREDIT,ATM Withdrawal,15606.43,84495.38
TXN100223,2026-01-04,DEBIT,UPI Payment,-11312.56,73182.82
TXN100224,2026-01-30,DEBIT,UPI Payment,-32420.71,40762.11
TXN100225,2026-02-09,DEBIT,NEFT Transfer,-25492.71,15269.4
TXN100226,2026-03-11,DEBIT,Utility Bill,-49014.21,-33744.81
TXN100227,2026-03-04,DEBIT,Online Shopping,-7317.63,-41062.44
TXN100228,2026-02-18,CREDIT,UPI Payment,13884.75,-27177.69
TXN100229,2026-04-17,DEBIT,Online Shopping,-13431.92,-40609.61
TXN100230,2026-01-01,DEBIT,NEFT Transfer,-41890.05,-82499.66
TXN100231,2026-05-29,DEBIT,ATM Withdrawal,-22382.71,-104882.37
TXN100232,2026-05-04,DEBIT,IMPS Transfer,-27640.68,-132523.05
TXN100233,2026-05-20,DEBIT,Utility Bill,-46649.33,-179172.38
TXN100234,2026-02-18,CREDIT,Interest Credit,19210.25,-159962.13
TXN100235,2026-04-16,CREDIT,IMPS Transfer,37260.79,-122701.34
TXN100236,2026-06-30,DEBIT,Cash Deposit,-49421.86,-172123.2
TXN100237,2026-06-16,CREDIT,Utility Bill,48244.74,-123878.46
TXN100238,2026-02-02,DEBIT,UPI Payment,-43722.1,-167600.56
TXN100239,2026-04-23,CREDIT,Online Shopping,45531.04,-122069.52
TXN100240,2026-01-04,CREDIT,Cash Deposit,43559.56,-78509.96
TXN100241,2026-02-09,CREDIT,Utility Bill,39098.11,-39411.85
TXN100242,2026-03-09,DEBIT,Interest Credit,-34665.96,-74077.81
TXN100243,2026-06-16,CREDIT,IMPS Transfer,42631.83,-31445.98
TXN100244,2026-05-17,DEBIT,IMPS Transfer,-31377.28,-62823.26
TXN100245,2026-05-05,CREDIT,Interest Credit,3514.2,-59309.06
TXN100246,2026-06-11,DEBIT,POS Purchase,-37363.64,-96672.7
TXN100247,2026-04-22,CREDIT,UPI Payment,22239.56,-74433.14
TXN100248,2026-06-27,DEBIT,Salary Credit,-2394.95,-76828.09
TXN100249,2026-01-15,DEBIT,IMPS Transfer,-18804.57,-95632.66
TXN100250,2026-02-07,CREDIT,Online Shopping,20661.38,-74971.28
TXN100251,2026-06-24,CREDIT,ATM Withdrawal,8835.96,-66135.32
TXN100252,2026-06-06,DEBIT,Interest Credit,-34188.42,-100323.74
TXN100253,2026-05-08,CREDIT,POS Purchase,23111.38,-77212.36
TXN100254,2026-03-07,DEBIT,NEFT Transfer,-33375.35,-110587.71
TXN100255,2026-04-30,DEBIT,Online Shopping,-7982.98,-118570.69
TXN100256,2026-04-24,DEBIT,Interest Credit,-15027.8,-133598.49
TXN100257,2026-04-19,DEBIT,Utility Bill,-42280.67,-175879.16
TXN100258,2026-02-20,DEBIT,Utility Bill,-5422.0,-181301.16
TXN100259,2026-04-08,DEBIT,Interest Credit,-14864.03,-196165.19
TXN100260,2026-06-29,DEBIT,Salary Credit,-48899.43,-245064.62
TXN100261,2026-06-18,DEBIT,NEFT Transfer,-504.09,-245568.71
TXN100262,2026-06-25,CREDIT,Interest Credit,37284.09,-208284.62
TXN100263,2026-03-15,CREDIT,Interest Credit,40116.4,-168168.22
TXN100264,2026-02-26,CREDIT,Interest Credit,12606.28,-155561.94
TXN100265,2026-06-18,CREDIT,UPI Payment,45179.84,-110382.1
TXN100266,2026-06-15,CREDIT,NEFT Transfer,39451.66,-70930.44
TXN100267,2026-01-09,DEBIT,ATM Withdrawal,-4597.66,-75528.1
TXN100268,2026-03-17,DEBIT,Cash Deposit,-8864.44,-84392.54
TXN100269,2026-02-03,DEBIT,Online Shopping,-25139.56,-109532.1
TXN100270,2026-03-11,CREDIT,NEFT Transfer,45711.04,-63821.06
TXN100271,2026-05-04,DEBIT,IMPS Transfer,-40231.2,-104052.26
TXN100272,2026-04-30,CREDIT,ATM Withdrawal,37732.16,-66320.1
TXN100273,2026-02-27,DEBIT,Online Shopping,-18352.17,-84672.27
TXN100274,2026-04-12,CREDIT,NEFT Transfer,26874.96,-57797.31
TXN100275,2026-04-27,DEBIT,NEFT Transfer,-29269.55,-87066.86
TXN100276,2026-06-13,DEBIT,UPI Payment,-33774.34,-120841.2
TXN100277,2026-05-01,CREDIT,Interest Credit,44223.32,-76617.88
TXN100278,2026-05-24,DEBIT,Interest Credit,-11146.22,-87764.1
TXN100279,2026-01-17,DEBIT,NEFT Transfer,-32497.05,-120261.15
TXN100280,2026-01-30,CREDIT,Salary Credit,47318.45,-72942.7
TXN100281,2026-03-19,DEBIT,UPI Payment,-4949.88,-77892.58
TXN100282,2026-05-18,CREDIT,Cash Deposit,22736.82,-55155.76
TXN100283,2026-06-21,DEBIT,Interest Credit,-37139.22,-92294.98
TXN100284,2026-02-09,DEBIT,UPI Payment,-41701.28,-133996.26
TXN100285,2026-06-07,DEBIT,NEFT Transfer,-1732.54,-135728.8
TXN100286,2026-04-05,CREDIT,Utility Bill,22290.32,-113438.48
TXN100287,2026-03-02,DEBIT,UPI Payment,-49048.29,-162486.77
TXN100288,2026-04-05,DEBIT,Salary Credit,-19967.17,-182453.94
TXN100289,2026-02-18,CREDIT,Utility Bill,4674.5,-177779.44
TXN100290,2026-02-24,CREDIT,Salary Credit,39361.05,-138418.39
TXN100291,2026-03-04,CREDIT,Interest Credit,10339.76,-128078.63
TXN100292,2026-05-22,CREDIT,Interest Credit,10875.97,-117202.66
TXN100293,2026-03-01,DEBIT,ATM Withdrawal,-39453.32,-156655.98
TXN100294,2026-06-02,CREDIT,NEFT Transfer,42934.47,-113721.51
TXN100295,2026-02-07,CREDIT,Online Shopping,12607.64,-101113.87
TXN100296,2026-02-14,CREDIT,Salary Credit,6676.98,-94436.89
TXN100297,2026-04-02,CREDIT,Interest Credit,16256.2,-78180.69
TXN100298,2026-02-14,DEBIT,Salary Credit,-6425.25,-84605.94
TXN100299,2026-04-18,CREDIT,UPI Payment,23864.67,-60741.27
TXN100300,2026-04-03,CREDIT,Utility Bill,25241.55,-35499.72
